,0
Sedan,1010947
Station Wagon/Sport Utility Vehicle,806350
PASSENGER VEHICLE,769982
SPORT UTILITY / STATION WAGON,337507
UNKNOWN,105411
Taxi,90127
4 dr sedan,73497
Pick-up Truck,67408
TAXI,60768
Box Truck,52143
VAN,49693
OTHER,45943
Bike,45472
Bus,39956
LARGE COM VEH(6 OR MORE TIRES),28596
SMALL COM VEH(4 TIRES) ,26679
BUS,25950
PICK-UP TRUCK,22939
Tractor Truck Diesel,20424
LIVERY VEHICLE,19426
BICYCLE,19330
Van,17499
Motorcycle,14953
E-Bike,8463
MOTORCYCLE,7901
Dump,7691
Ambulance,6614
Convertible,6381
E-Scooter,5378
Flat Bed,4974
2 dr sedan,4823
PK,4687
Garbage or Refuse,4348
AMBULANCE,3956
Carry All,3921
Moped,3722
Tractor Truck Gasoline,3218
Tow Truck / Wrecker,2635
Chassis Cab,1688
Tanker,1566
FIRE TRUCK,1556
Motorscooter,1548
Motorbike,1170
Concrete Mixer,1038
Refrigerated Van,1006
van,867
Armored Truck,646
Flat Rack,641
AMBUL,635
SCOOTER,614
Beverage Truck,601
3-Door,583
TRUCK,442
LIMO,441
Lift Boom,404
TRAIL,393
UNKNO,391
School Bus,371
MOPED,369
FIRE,350
Stake or Rack,331
UNK,297
E-Sco,290
FDNY,286
E-Bik,245
Multi-Wheeled Vehicle,241
Pedicab,202
Snow Plow,195
DUMP,194
Open Body,186
ambul,170
Bulk Agriculture,163
USPS,157
TRAILER,157
TRACT,151
trail,139
subn,126
Ambul,123
PEDICAB,122
AMBU,121
DELIV,120
unk,120
COM,113
FORKL,113
Minibike,107
ambulance,106
Pickup with mounted Camper,105
truck,104
unkno,103
DELV,100
Pallet,100
COMME,99
SCHOO,97
Truck,95
moped,95
BOX T,93
SCOOT,90
ELECT,89
TOW T,87
FIRET,85
Tow Truck,82
UTILI,80
Fire,79
FIRETRUCK,78
Lunch Wagon,76
fire,75
bus,73
Trailer,73
Van Camper,72
Trail,70
Unknown,70
UTIL,66
TOW TRUCK,63
Scooter,60
BOX TRUCK,58
AMB,56
Fire Truck,56
PAS,56
Motorized Home,55
Hopper,54
Fire truck,53
MOTOR,52
pick,51
FLAT,51
FDNY TRUCK,50
tract,47
dump,47
box t,46
Minicycle,46
RV,45
FDNY AMBUL,44
TRL,44
FDNY FIRE,44
SCHOOL BUS,42
trailer,42
STREE,41
TRK,40
COMMERCIAL,39
POSTA,39
Unk,38
FORKLIFT,38
scoot,37
FREIG,37
fdny,37
Firetruck,36
FORD,35
FORK,35
SANIT,35
unknown,34
schoo,34
GARBAGE TR,34
MACK,34
scooter,34
TRAC,34
REFG,34
GARBA,33
Vanette,32
PICK UP,32
firet,32
Glass Rack,32
ambu,32
usps,31
fire truck,31
POWER,31
TANK,31
MTA B,31
Commercial,30
E-BIK,30
PICKU,30
VAN T,29
tow t,29
com,28
deliv,28
Forklift,28
Livestock Rack,27
Unkno,27
SELF,27
garba,27
MTA BUS,27
elect,27
forkl,26
BACKH,26
USPS TRUCK,26
PSD,26
CONST,26
comme,25
utili,25
US PO,25
FORK LIFT,24
Scoot,24
E-SCOOTER,24
WAGON,23
posta,23
Box truck,22
DUMP TRUCK,22
tow,22
sanit,21
UTILITY,21
box truck,21
SANITATION,21
C1,21
CRANE,21
MOTOR SCOO,21
MAIL,20
fork,20
Well Driller,20
Tow T,20
OMT,20
SEMI,20
PICK UP TR,19
FOOD,19
P/SH,19
PICKUP,19
Elect,19
E-BIKE,19
Schoo,18
ROAD,18
ELECTRIC S,18
STREET SWE,18
BOBCA,18
FLATB,18
UHAUL,18
OMR,18
TRACTOR,18
PC,18
POWER SHOV,17
TRACTOR TR,17
picku,17
SUV,17
SEDAN,17
DELIVERY T,17
Forkl,17
Enclosed Body - Nonremovable Enclosure,17
Log,17
STAK,16
E BIK,16
DIRT BIKE,16
Comme,16
Tract,16
PASS,16
stree,15
motor,15
CARGO,15
SPC,15
YELLO,14
School bus,14
FIRE ENGIN,14
Sanit,14
PICK-,14
GOLF,14
MINI,14
VAN TRUCK,13
ROAD SWEEP,13
OML,13
FDNY Ambul,13
RD/S,13
WHITE,13
Delivery,13
Utili,13
CEMEN,12
CATER,12
Deliv,12
SPRIN,12
semi,12
BULLD,12
Sanitation,12
UNKOW,12
FDNY FIRET,12
Enclosed Body - Removable Enclosure,12
forklift,12
MAIL TRUCK,12
EBIKE,11
COMM,11
tk,11
tow truck,11
HINO,11
mta b,11
GOLF CART,11
HORSE,11
amb,11
Tow,11
delv,11
EMS,11
GAS SCOOTE,11
SPRINTER V,11
Garba,11
wagon,11
Subn,11
CMIX,11
PICKUP TRU,11
firetruck,11
E-scooter,11
self,10
PASSENGER,10
UTILITY TR,10
Box T,10
SEMI-,10
Fork,10
MOPD,10
Sprinter V,10
Pick,10
Pick up tr,10
const,10
SKATEBOARD,9
Dump truck,9
MTA,9
tr,9
US Po,9
mail,9
pas,9
EXCAV,9
Ambu,9
Utility,9
school bus,9
Pick up,9
DELIVERY,9
CO,9
ford,9
TRLR,9
Tow truck,9
JEEP,9
SUBUR,9
util,9
Posta,9
flat,9
US POSTAL,8
UNKN,8
freig,8
taxi,8
Amb,8
OMNIB,8
LIMOU,8
trl,8
Flat,8
FDNY Truck,8
BOX,8
TL,8
VAN/T,8
Pickup,8
commercial,8
Firet,8
Fork lift,8
NYPD,8
Motor,8
USPS MAIL,8
U-HAU,8
UT,8
TANKE,8
tank,8
FDNY LADDE,8
REFRI,8
LIGHT,8
F550,8
E-bike,8
WORK,8
DIRT,8
SUBURBAN,8
crane,8
backh,8
NYC F,8
Pickup tru,8
power,8
p/sh,8
LEFT,7
BACK,7
Stree,7
TRAILOR,7
cemen,7
FDNY truck,7
UTILITY VE,7
USPS Truck,7
GOVER,7
garbage tr,7
INTER,7
NYC SANITA,7
Garbage tr,7
CITY,7
sedan,7
CAT,7
PASSE,7
FDNY Fire,7
SELF INSUR,7
ACCES,7
Tractor,7
SCOM,7
Ford,7
POSTAL TRU,7
FDNY ENGIN,7
box,7
FEDEX,7
Tow t,7
CARGO VAN,7
LIVER,7
AMBULENCE,7
Tractor tr,7
RMP,7
WORK VAN,7
PICK-UP TR,7
Crane,7
Gas Scoote,6
FDNY EMS,6
skateboard,6
DUMPS,6
pickup,6
White,6
EXCAVATOR,6
Horse,6
TRACK,6
bobca,6
FOOD CART,6
UPS TRUCK,6
BOBCAT,6
postal tru,6
ICE C,6
Skateboard,6
na,6
ENGIN,6
FLATBED,6
HORSE CARR,6
SKATE,6
TRANS,6
E scooter,6
Fire Engin,6
Com,6
cargo,6
delivery t,6
Street Swe,6
Box t,6
ARMOR,6
REP,6
other,6
comm,6
GATOR,6
golf,6
BOOM,6
Suburban,6
Grain,6
GAS MOPED,6
mack,6
PEDIC,6
Flatbed,6
DIRTBIKE,6
sanitation,6
horse,6
SWEEP,5
FREIGHTLIN,5
0,5
APPOR,5
Garbage Tr,5
AMBULETTE,5
G COM,5
us po,5
trac,5
front,5
Self,5
FD TRUCK,5
NYS AMBULA,5
DUMPT,5
P/U,5
Passenger,5
GLBEN,5
Tk,5
SE,5
constructi,5
Tractor Tr,5
work,5
Golf Cart,5
MTA Bus,5
flatb,5
tractor tr,5
ICE CREAM,5
Motor Home,5
Road sweep,5
MOBIL,5
4dsd,5
utility tr,5
MINIV,5
Excavator,5
BK,5
FRONT,5
COURI,5
OIL T,5
LCOM,5
WHEELCHAIR,5
Road,5
UNKOWN,5
U-Hau,5
TF,5
Gas scoote,5
Delivery t,5
Postal tru,5
Snowmobile,5
dump truck,5
mcy,5
CASE,5
MOVIN,5
USPS POSTA,5
FED E,5
ELECTRIC M,5
subur,5
Golf,4
SW,4
Pick Up Tr,4
4D,4
sprinter v,4
government,4
back,4
ECONOLINE,4
TRC,4
cater,4
power shov,4
DELIVERY V,4
fork lift,4
Sprinter v,4
UKNOWN,4
e-bike,4
EMS TRUCK,4
TOWER,4
E-SKATEBOA,4
SEMI TRAIL,4
acces,4
Courier,4
road sweep,4
4DR,4
e-bik,4
Backhoe,4
Fork Lift,4
SEMI-TRAIL,4
RAM,4
FDNY fire,4
mta bus,4
Power shov,4
uhaul,4
SKID,4
LIFT,4
Delv,4
van t,4
Unknown ve,4
Dirt Bike,4
left,4
NYC TRANSI,4
RMP V,4
Wagon,4
electric s,4
Mini,4
1,4
NOT I,4
C3,4
E COM,4
utility,4
rv,4
FOOD TRUCK,4
food,4
yello,4
Electric S,4
USPS VAN,4
omt,4
dsny,4
dirt bike,4
Delivery T,4
excav,4
fdny truck,4
2 DOO,4
DIRTB,4
4DS,4
Cargo,4
Flatb,4
FLEET,4
suv,4
Trailor,4
Van Truck,4
E Bik,4
NYC AMBULA,4
FRIEG,4
Lift,4
BS,4
E SCO,4
TLR,4
E SCOOTER,4
G TOW,4
BOOM LIFT,4
RENTA,4
Backh,4
Mail,4
COMMERICAL,4
Freig,4
trlr,4
TOWTR,4
SCL,3
FRE,3
ESCOOTER S,3
NYC FIRE T,3
trk,3
motor scoo,3
PARKE,3
Rescu,3
MOPPED,3
commerical,3
A,3
E-Unicycle,3
Food Cart,3
999,3
Sprin,3
Usps,3
Motorized,3
ebike,3
FED EX,3
Trac,3
MOPAD,3
BUs,3
passe,3
18 WH,3
Fdny ambul,3
SMALL,3
HEAVY,3
LADDE,3
VERIZ,3
street swe,3
TRANSPORT,3
PAYLO,3
COMM VAN,3
self insur,3
MAN L,3
stak,3
PU,3
Self insur,3
MACK TRUCK,3
G AMB,3
GRAY,3
MOTORSCOOT,3
POST,3
FLAT BED T,3
12 PASSENG,3
HOUSE,3
REVEL SCOO,3
I1,3
NEW Y,3
Fdny,3
FORD VAN,3
passenger,3
SWT,3
WINNE,3
dirt,3
COM T,3
PKUP,3
MINI VAN,3
LADDER TRU,3
Food,3
HAND,3
VMS,3
bulld,3
MC,3
Self Insur,3
Motor Scoo,3
Government,3
POSTAL VEH,3
Flat bed,3
MECHANICAL,3
unkow,3
BULLDOZER,3
X COM,3
OMS,3
SMART,3
gator,3
MINIVAN,3
SKID LOADE,3
Cmix,3
Chevy,3
CART,3
BOAT,3
ambulette,3
MTA bus,3
e-scooter,3
Budge,3
Pick-Up,3
Freight,3
USPOS,3
motorcycle,3
SC,3
white,3
Ambulence,3
utility ve,3
AMBULACE,3
FRHT,3
GMC V,3
Van truck,3
miniv,3
pick up tr,3
E-bik,3
Util,3
USPS truck,3
Electric s,3
CAMPE,3
KENWO,3
UNKNOWN VE,3
golf cart,3
Dirtbike,3
Work Van,3
Dump Truck,3
Ice C,3
VAN/TRUCK,3
GMC,3
Const,3
ECONO,3
refg,3
SPRINTER,3
Cargo Van,3
road,3
plow,3
Power Shov,3
E-SCO,3
Motor scoo,3
U HAU,3
City,3
PLOW,3
EMS A,3
E350,3
dp,3
Picku,3
NYS Ambula,3
VESPA,3
mecha,3
c1,3
UTILITY VA,3
Mail Truck,3
tractor,3
UKN,3
LTR,3
Uhaul,3
R/V,3
Train,2
PZ,2
St,2
Toyota,2
Car C,2
SS,2
MTA Truck,2
Pas,2
Cargo van,2
POLICE VEH,2
SP PURPOSE,2
bsd,2
NYC fire t,2
nyc f,2
EC3,2
MOTORIZEDS,2
UNICYCLE,2
UHAUL TRAI,2
Golf cart,2
.,2
FORD AMBUL,2
Utility ve,2
UNKNW,2
N/a,2
Spc,2
dumps,2
Ford Van,2
Electric m,2
Ladder tru,2
SCOO,2
REVEL,2
3 WHE,2
FEDER,2
lift,2
us postal,2
MOVING VAN,2
MAC T,2
FDNY RIG,2
FDNY Firet,2
f1,2
hino,2
IP,2
JOHN,2
work van,2
Electric M,2
light,2
E250,2
Grumman LL,2
LOADE,2
jeep,2
MOTOR HOME,2
Trl,2
food truck,2
suburban,2
Moped scoo,2
Pavin,2
CHART,2
Van/Truck,2
FDNY firet,2
BACKHOE LO,2
FD LA,2
FD AMBULAN,2
Back,2
MOPED SCOO,2
track,2
FLATBED TR,2
SPECIAL PU,2
AMBULANE,2
ESU REP,2
D3,2
SELF-,2
Pick Up,2
omr,2
CONCR,2
ice c,2
Sweeper,2
OFF R,2
ram,2
TRUCK TRAI,2
NYC,2
EMS Ambula,2
UPS,2
conta,2
DOLLY,2
UHAUL BOX,2
2015,2
UHAUL VAN,2
detac,2
G PSD,2
Van (,2
FREIGHT VA,2
sprin,2
STERL,2
Pick up Tr,2
Sprinter,2
VAV,2
ECOM,2
ELEC,2
house on w,2
E450,2
18 WHEELER,2
mopad,2
none,2
000,2
UNKNOW,2
c3,2
Usps truck,2
Motorizeds,2
PUMP,2
BOB C,2
Tank,2
STREET CLE,2
COMPA,2
ladde,2
REVEL MOPE,2
skate,2
Refri,2
semi-,2
pickup tru,2
P PSD,2
SEGWA,2
CAB,2
boxtr,2
TCN,2
pc,2
JETSKI,2
TRT,2
movin,2
UPS T,2
PUMPER,2
e amb,2
FREIGHT TR,2
FIRE APPAR,2
Acces,2
INTL,2
NAVIG,2
Ems,2
PEDI CAB,2
Minivan,2
Work,2
omnib,2
ESCOOTER,2
FDNY Engin,2
FDNY ambul,2
600AJ,2
MECHA,2
CITY OF NE,2
frieg,2
wheelchair,2
E Bike w p,2
rmp,2
NYC S,2
GEICO,2
rz,2
oml,2
USPS VEHIC,2
SUB,2
CAMPER TRA,2
00,2
3-whe,2
NYC BUS,2
EXPRE,2
Ems truck,2
case,2
FLAT/,2
clean,2
GOV,2
ESU T,2
J1,2
mailtruck,2
Boom,2
street cle,2
backhoe,2
MTA b,2
Omnibus,2
psd,2
Left scene,2
pedic,2
BOXTRUCK,2
Go kart,2
trailor,2
Pick-,2
TRAIN,2
U HAUL,2
CON ED TRU,2
oil t,2
SBN,2
Car traile,2
SCHOOLBUS,2
DIESE,2
NISSA,2
UHAUL TRUC,2
fdny ladde,2
ECOLINE VA,2
gas scoote,2
PAS V,2
TRAILER TR,2
tower,2
ups t,2
VAN C,2
LEFT SCENE,2
H1,2
FireTruck,2
SNOW PLOW,2
LIGHT TRAI,2
Fdny truck,2
SNOWMOBILE,2
limo,2
BUCKE,2
BUSS,2
LSA,2
COMER,2
TLC,2
UNK/L,2
CHERRY PIC,2
PSH,2
DEPARTMENT,2
DOT TRUCK,2
PUMPE,2
UTV,2
WASTE,2
Econo,2
RESCU,2
FDNY Vehic,2
E BIKE,2
Bobcat,2
FD TR,2
spec,2
YELLOW BUS,2
Moped clas,2
VAn,2
DELV.,2
C,2
HOUSE ON W,2
FRT,2
Postal Veh,2
US,2
VAN F,2
FLAT BED,2
VPG,2
EMT Ambula,2
push,2
WORKH,2
spc,2
Bucket Tru,2
mta,2
UNK L,2
nyfd,2
E bik,2
FEDEX TRUC,2
MOPET,2
WHITE VAN,2
BACK HOE,2
USPS Mail,2
motor home,2
MOBILITY S,2
UHUAL,2
994,2
G PAS,2
Street swe,2
hrse,2
CONT,2
boom lift,2
GOVERNMENT,2
Moped bike,2
excavator,2
UD,2
CHEVROLET,2
GREEN,2
Carri,2
US GO,2
DOT VEHICL,2
FUEL,2
POLIC,2
Road Sweep,2
armor,2
Backhoe Lo,2
SCHOOL  BU,2
semi-trail,2
ELECR,2
3 Whe,2
Semi-,2
Farm Vehicle,2
12 PA,2
BOX VAN,2
pick up,2
CONSTRUCTI,2
DOT T,2
hi-lo,2
APP,2
JOHND,2
Motorscoot,2
NYPD VAN,2
Mack,2
TL TR,2
UHAL,2
JOHN DEERE,2
Cement Tru,2
BLACK,2
push scoot,2
CAMP,2
usps truck,2
U-Haul,2
rep,2
LMB,2
e bik,2
Box,2
Marke,2
vAN,2
e scooter,2
chev,2
LIMO/,1
DOT TOW TR,1
cat,1
bmw moped,1
utlit,1
OML/OMNIBU,1
TRAILER/FL,1
PASS VAN,1
Pick wh,1
club,1
YW SCHOOL,1
cat payloa,1
NIU,1
4door,1
NYCTA,1
wag,1
CITYWIDE,1
TOOLCAT FO,1
PROMASTER,1
tr/tr,1
TRUCK COMM,1
WSTR,1
FDNY bus,1
moter,1
COACH,1
gas mo ped,1
fedex,1
REPAI,1
Dollar Van,1
sciss,1
City vehic,1
AM/TR,1
Pickup Tru,1
JLG L,1
e-BIKE,1
Dodge ram,1
UNNKO,1
MOTOR DIRT,1
985,1
message si,1
RED T,1
DUMP GR,1
UPS t,1
tour,1
EMS/VAN,1
FD LADDER,1
MI/FU,1
Gene,1
UHAUL Trai,1
CAT32,1
escavator,1
E Skateboa,1
FDNY AMBU,1
Chevr,1
DODGE,1
E,1
FORTL,1
NYC D,1
USPS # 487,1
USPS posta,1
f350,1
ambulence,1
electronic,1
MTA V,1
towtr,1
U haul mov,1
COMB,1
E Wheelcha,1
LMTV,1
mopd,1
BED T,1
AMbul,1
CONST EQUI,1
scaff,1
Fd engine,1
ems b,1
LOCOMOTIVE,1
52? t,1
BOX CAR,1
Oil Tanker,1
TANK WH,1
marke,1
PALLET JAC,1
5,1
principle,1
MCY B,1
TLC v,1
trial,1
ART M,1
bed,1
SEMITRAILE,1
ESCOVATOR,1
Refriger T,1
WHEEL,1
RAZOR150 M,1
BoxTr,1
SchooL bus,1
FOOD DELIV,1
2DCP,1
Rds,1
KUBOT,1
M/A,1
JLG B,1
Tracktor T,1
BROOM,1
ESCOOTERSI,1
YALE,1
TOW-TRUCK,1
12 passage,1
HORSE TRAI,1
NYCFIREDEP,1
REFG/,1
Freight Va,1
Cat,1
FRIEGHTLIN,1
couri,1
LIT DIRECT,1
DRILL RIG,1
engine,1
G  CO,1
dirtb,1
DELVI,1
CAT.,1
VEHICLE 2,1
Waste truc,1
MAN B,1
basic psd,1
TOW4,1
camper tra,1
ASTRO,1
SYBN,1
MTA ESU VE,1
PETIT CAB,1
DEAGR,1
tt,1
Postal Tru,1
HAUL FOR H,1
MOPED GAS,1
Ford Trans,1
llv,1
Engi,1
Skate,1
COLL,1
black mope,1
SWEEPER,1
KP160,1
NYC FIRE D,1
TRIM,1
STAKE TRUC,1
NY CITY MT,1
US Postal,1
TRCIC,1
NYC ACS Va,1
ulili,1
frh,1
38AB-,1
MOPED/SCOO,1
speac,1
SCOTTER,1
CHEVY EXPR,1
e bike uni,1
ORANGE JLG,1
mini van,1
T650,1
LADDER CO,1
Van/R,1
YNK,1
NYPD Tow t,1
courier,1
HOE-L,1
fd tr,1
HIGHL,1
post offic,1
ELECTRIC C,1
unkl,1
DLR,1
uni e-bike,1
e skate bo,1
MOVING TRU,1
MOPED 150C,1
Sweep,1
TCM,1
G Sem,1
Carriage,1
997,1
Sciss,1
VAN FORD,1
TOW TRICK,1
NYC M,1
freight tr,1
RGS,1
green,1
atv p,1
Mta,1
amulance,1
ENTERPRISE,1
Ram Promas,1
Marked Van,1
VAS,1
black,1
NYCHA,1
LUV,1
BOBCAT/FOR,1
Budget tru,1
FORD EC2,1
DOT #,1
historical,1
VAN W,1
trai,1
Veriz,1
uhaul truc,1
Small Bus,1
bay crane,1
Horse carr,1
M21,1
freight To,1
Military v,1
Sprinter W,1
PETER,1
3 Wheel Sc,1
Pickup SL,1
gokar,1
HWH,1
u.s p,1
GTH-1056,1
CHVEY,1
DSNY,1
Forklift t,1
SANMEN COU,1
P/SE,1
REAR END,1
FedEx van,1
PLATF,1
Depar,1
HURSE,1
E-UNICYCLE,1
TRANSIT,1
FORD F-150,1
refuse tru,1
INDUSTRIAL,1
Combinatio,1
Bucketload,1
Command Po,1
11111,1
white van,1
Mopd,1
QMZ,1
DUMPSTER,1
PRIVATE,1
uni,1
COURIER VA,1
cate,1
harve,1
vespa,1
GOVT,1
small,1
Access a R,1
U-Haul min,1
BTM,1
Red vehicl,1
OLC,1
E PAS,1
NYC G,1
NYC FD,1
SW/VAN,1
2 TON,1
vol,1
LADD,1
house,1
POIS,1
Truc,1
F45,1
BLU BUS,1
spec-,1
MINI BUS,1
sem,1
AMBULAMCE,1
VAN`,1
HWY C,1
UNK BOX TR,1
EPO,1
CAT ESCABA,1
Shove,1
postal ser,1
11 PA,1
e BIK,1
mail truck,1
omnibus,1
liver,1
nyc d,1
In Line Sk,1
SKYWATCH,1
rmb,1
315 e,1
DUAL,1
HERTZ RAM,1
DUMPTRUCK,1
HOME MADE,1
mc,1
Van h,1
cross,1
mta bus  4,1
UNK T,1
DEL,1
USPS#,1
Fd fi,1
DSNY Garba,1
boom crane,1
u haul,1
delivery v,1
CB534,1
STAND UP s,1
BOXTR,1
mobil,1
d3,1
ENCLO,1
GRUMM,1
PALFINGER,1
35 FT,1
YPS,1
JohnD,1
SCHOOL VAN,1
pay loader,1
Flatbed Pi,1
PEPSI DELI,1
SMYELLSCHO,1
D/V WB,1
2- to,1
Fdny 331 k,1
John Deere,1
Movin,1
Attac,1
AMBLUANCE,1
MTA U,1
Ltrl,1
POSTAL CAR,1
MTABUS,1
1S,1
RD BLDNG M,1
White Work,1
PICK RD,1
E bike,1
REG,1
EC2,1
VAN A,1
Department,1
HEARSE,1
Mecha,1
FRHT TRAIL,1
USPS/GOVT,1
QUAD,1
gas bike,1
Light,1
TOWMA,1
11-VA,1
flatbed,1
325FLCR,1
Cherry pic,1
GAS POWERE,1
9999,1
eScoo,1
Passe,1
nyc b,1
tlc,1
BKHOE,1
EMERGANCY,1
TTAILER,1
FLLET,1
FOLK LIFT,1
AMBULANVE,1
motorhome,1
NYCHA Van,1
HEIL,1
NYC f,1
NYNJ RAIL,1
USPS2,1
boom,1
FUSION,1
COMMM,1
SD,1
R/V C,1
VS2,1
SHORT,1
Veh L,1
RDS,1
Access A R,1
Revel Mo'e,1
MANUAL SCO,1
ASPHALT RO,1
P/SH YW,1
Tree cutte,1
DOT V,1
Ford FF,1
unkn,1
PISH,1
ENGINE SP0,1
Bicyc,1
DLVR,1
scava,1
DOLLAR VAN,1
fed ex tru,1
Limousine,1
Lumbe,1
CRF Carria,1
15 Pa,1
FORD SPRIN,1
LAWNMOWER,1
us ma,1
axo,1
US Mail Tr,1
TRUCK LADD,1
PUSH,1
waste,1
VANET,1
sprinter,1
Uhaul truc,1
SALTSPREAD,1
sanitaton,1
Chevy carg,1
12 fe,1
Smart,1
silve,1
UHaul Truc,1
Tow-truck,1
Dodge,1
Delivery V,1
Lateral Tr,1
MTRIZ,1
Bobcat 216,1
Ny Ems,1
X,1
E- Bi,1
PS,1
SUBN WHI,1
UPS VAN,1
BOB CAT,1
MOped,1
WORKM,1
STAND UP S,1
Penske Box,1
Hyster For,1
abulance,1
scoo,1
mtr s,1
C-1,1
uliti,1
Cement tru,1
EMS FDNY B,1
COMMERIAL,1
FORD TWO T,1
BLUE,1
snow,1
sgws,1
GLNEN,1
amdu,1
LULL,1
TRUCK W/TR,1
LAWN,1
TR/C,1
GOVENMENT,1
FDNY- Fire,1
usps 88716,1
speci,1
rgs,1
armored tr,1
CAT FORKLI,1
LSV,1
unlno,1
N?A,1
FOOD VENDE,1
EMI- TRAIL,1
Bull dozer,1
TOYOT,1
Comix,1
DEL T,1
FDNY LADER,1
TCR,1
MARKED VAN,1
US GOVERME,1
Food cart,1
Feder,1
Govt P/U T,1
Ebike,1
anbul,1
Barri,1
Pump,1
ESCAVATOR,1
nissa,1
SKIDSTEERL,1
Fd truck,1
Dumpster t,1
big r,1
ken,1
ukn,1
EMS BUS,1
gov v,1
east,1
FDNY Ladde,1
Mailtruck,1
Tow-t,1
dumpe,1
Mcy,1
2003,1
Gator,1
Token,1
TOWE,1
Bread truc,1
NYS A,1
Tilt tande,1
BULDOZER,1
White ambu,1
Yamah,1
ManPower s,1
LADDER 34,1
HINO TANK,1
FDNY Ferra,1
Wheel,1
scooc,1
FDNY CHIEF,1
USPST,1
Uhaul Truc,1
pass,1
van w,1
NS AM,1
Delie,1
TRIAL,1
MTA truck,1
RAZOR,1
APP C,1
sanitaion,1
FIRET TRUC,1
CITIBIKE,1
CAN,1
TANDU,1
Unkow,1
Fdny Fire,1
17,1
police rep,1
DEI V,1
Pumper,1
Siting mop,1
red t,1
lmb,1
st,1
post,1
conti,1
NJ transit,1
HD,1
DEPT VAN #,1
BURG,1
COMM TRK,1
Transit,1
16M,1
CUSHM,1
srf,1
gas bicycl,1
BOOML,1
Fdny fire,1
SAVANA VAN,1
g scl,1
mac 1,1
police van,1
GARAB,1
Razor Scoo,1
SCOOTER (G,1
CHEV,1
Special Co,1
CT,1
Rmp,1
small trac,1
OMNI,1
pOSTA,1
MTA TRANSI,1
Private Am,1
U-HAUL TRU,1
SRF,1
g com,1
LMA,1
AMABU,1
REFQ,1
AMUBULANCE,1
ES,1
4 RUN,1
Tram,1
OBJEC,1
back ho,1
CADET,1
12' o,1
FLATBED TO,1
DIG-I,1
E.M.S,1
Fedex truc,1
CHEVY VAN,1
MAILTRUCK,1
Rolli,1
CHURC,1
CRWZK,1
usps self,1
E1,1
Com t,1
mo-pe,1
AMBULANCE`,1
almbulance,1
GR HS,1
"TRLR PLT,",1
ï¿½MBU,1
FLAT  BED,1
UPS Truck,1
FD NY,1
GOVT.,1
CMIXER,1
SEDONA,1
skate boar,1
fedex truc,1
usps  van,1
KW TR,1
DELV BR,1
EMS T,1
L1,1
high,1
FedEx Truc,1
2dr,1
BOX H,1
"USPS TRUC,",1
bucket tru,1
SKID-,1
CARAVAN,1
isuzu,1
430,1
RGR,1
MOVIE,1
E-Scoter,1
T880,1
USPS small,1
r/v,1
TOWIN,1
Hrse,1
FDNY285 En,1
Street Cle,1
ford econo,1
winne,1
Fire Appar,1
dark color,1
INTE TRUCK,1
SAFET,1
VAN/,1
INTERNATIO,1
police veh,1
VAM,1
scooter ga,1
FLAT-,1
UNKNOWN CA,1
TR/KI,1
DEIV,1
FORD TRANS,1
CHERR,1
Mini Van,1
Crane truc,1
C2,1
HOSRE,1
BOOM MOPED,1
Hearse,1
FOGLIFT,1
ASPHA,1
Ems t,1
D2,1
3DC-,1
REF G,1
G com,1
Garbage,1
C 1,1
VAN (TRANS,1
EMS bus,1
E - B,1
SCOOTER GA,1
UNKWOWN,1
ALUMI,1
Skid,1
SUBN TN,1
RUBBE,1
DOT EQUIPM,1
Isuzu,1
FDNY mecha,1
Utility tr,1
Cat 9,1
NYC FDNY #,1
engin,1
Pick Truck,1
16m,1
BROWN,1
USPS #7530,1
van a,1
Red moped,1
BUS M,1
SNOW PLOWE,1
I-haul,1
Tr,1
CAR TRAILE,1
HARVE,1
ACCEE,1
Na,1
box van,1
PASSANGER,1
TOW R,1
wesco,1
PALLE,1
fdny ambul,1
Ford f150,1
SLINGSHOOT,1
derelict v,1
RV motorho,1
Box Car,1
Mot S,1
CAT P,1
BUDGE,1
delivery w,1
del,1
ems bus,1
backhoe re,1
Electricun,1
GE/SC,1
EZ GO,1
TC,1
2YDSWHEELL,1
hook,1
FIRE BUS,1
Piggy back,1
Utility ca,1
VAN/B,1
fre,1
GSPC,1
trt,1
MARK,1
FIRE TURCK,1
Dirt bike,1
CITY VEHIC,1
conedison,1
del truck,1
Mopoed,1
Gas Moped,1
''lime mope,1
VAN/TRANSI,1
SEMI-TRUCK,1
GLP050VXEV,1
DL,1
ND,1
sub,1
NYPD TOW T,1
AMULA,1
e-sooter,1
nyc s,1
CMS-T,1
sweeper,1
van s,1
TRUCK VAN,1
access-a-r,1
transport,1
Cargo Truc,1
DSNY SWEEP,1
UK,1
Nypd,1
van c,1
USPS Vehic,1
WH,1
DSNY sanit,1
PENSKE BOX,1
2TON,1
BEYOND SCO,1
vn,1
UTLL,1
FREIH,1
F650,1
YELLOWPOWE,1
uhual,1
COM TRANS,1
Pro master,1
TRAILER/TR,1
MOTORIZED,1
TIR,1
crane boom,1
MVP,1
3 doo,1
Van T,1
NYC DOT,1
MOWER,1
renta,1
GENIE,1
APORT,1
nyc EMS,1
USPS MAILT,1
EXCABATOR,1
Sierra,1
Post offic,1
ELECTRIC B,1
f550,1
gover,1
JUNST,1
van truck,1
PRIVA,1
PRIV AMBUL,1
Liver,1
99999,1
Moped elec,1
Work van,1
Fdny ems,1
KOMATSU LO,1
Lawnmower,1
UHal Renta,1
REFRG,1
FD APPARAT,1
BLOCK,1
DLEV,1
ARIEL,1
seagr,1
VENDOR CHA,1
SPINTER VA,1
truck trai,1
DODGE RAM,1
trc m,1
EMRGN,1
AMUBL,1
wheel,1
tilla,1
Maintenanc,1
SUDN,1
STATE,1
impal,1
FDNY EMT,1
train,1
PCH,1
PASS-,1
WC,1
Dumps,1
Rental van,1
NO/BU,1
navig,1
Gover,1
fdny fire,1
VMS T,1
Mobile foo,1
Mack truck,1
pedicab,1
Trolley ri,1
Box M,1
TKTR,1
AUTOTRLR T,1
limou,1
TRANSIT VA,1
gas moped,1
CONVE,1
BOX Truck,1
e-BIK,1
TUCK,1
PICK-UP,1
LD,1
ST150,1
UTILITY WH,1
SEN,1
RAM COMM.,1
Cater,1
Polic,1
dot t,1
TRANSIT MT,1
MOBILE,1
Scooter ga,1
WHIT,1
RORO,1
EMS H,1
GEN  AMBUL,1
UTYLI,1
METRO TRAN,1
sterl,1
VAN U,1
HEAVY TRUC,1
72000,1
ARMY,1
LEFT THE S,1
E-SKA,1
car c,1
ARCIMOTO,1
Mopen,1
NYC A,1
electric m,1
VMS SIGN,1
MTA BUS 40,1
c7c,1
depar,1
H3,1
DOT Safety,1
NYC FDNY,1
HI TA,1
UTIL WH,1
Bucket tru,1
MOTOR. SCO,1
Can,1
Distributo,1
CAR T,1
HRSE,1
CHEVR,1
E MOTORCYC,1
AMULANCE,1
Pumper tru,1
Fed ex van,1
paylo,1
UNATTACHED,1
Yale Fork,1
BUS (OMNIB,1
B55 excava,1
ROLLOFF,1
DEP V,1
USPS #6530,1
BOOM 60FT,1
Suv,1
yy,1
Caterpilla,1
LAWN MOWER,1
COURIER,1
Flat bed t,1
CON E,1
PROGRESSIV,1
NT TR,1
AERIAL LIF,1
ROADS,1
NYC FIRETR,1
e com,1
trc,1
18 Wh,1
Yamaha,1
FLATBED FR,1
Lim,1
fdny ems,1
JLG M,1
STACK,1
Subn/ambul,1
Busv,1
2 HOR,1
Electronic,1
HI LO,1
SWEPE,1
MAIL CARRI,1
GAS MO-PED,1
ELEC.,1
Front-Load,1
FLYWING MO,1
JCB40,1
MCR,1
GOV'T,1
KME/F,1
U-HAUL,1
Jeep,1
YELLOW TAX,1
F150XL PIC,1
Govt,1
D1,1
NonMotordS,1
icecr,1
DIRT-,1
APURP,1
50 CC Moto,1
(ceme,1
mot s,1
4SEDN,1
Liebh,1
Pedestrian,1
Seagrave T,1
OLM,1
trans,1
TOUR BUS,1
FREE,1
KME,1
B5-44,1
FEIG,1
utv,1
prks,1
FREIG DELV,1
Skywatch,1
u-hau,1
GOV V,1
CAMPER VAN,1
FDNY PICKU,1
U.S.P,1
mta B,1
WORKH UTIL,1
Gas T,1
METROTECH,1
RAZOR SCOO,1
ESU RESCUE,1
ROOD,1
FR`,1
SHCOO,1
FD tr,1
LP,1
EAMB,1
range,1
ACCESS A R,1
FEDERAL EX,1
GMC DELIVE,1
Trailer tr,1
Laund,1
Small,1
U-HAL,1
NTTRL,1
OFFIC,1
WESCO,1
escooter,1
TUGGE,1
T630 Forkl,1
PET,1
COLLECTION,1
Scooter no,1
E3,1
FedEx box,1
Stake,1
box p,1
DUNBA,1
12 Pa,1
Fedex,1
TR-Trailer,1
Ambiance,1
mini,1
STREET,1
Tlr,1
NYPD ESU T,1
M2,1
OML/,1
postal van,1
TRAILEE,1
Snow,1
FREIGHT,1
JJ150T-4A,1
Traffic To,1
26 ft,1
PERM,1
bobct,1
4 wheeler,1
John,1
NYC-S,1
Renta,1
Transit va,1
cart,1
FRE T,1
Workcart,1
uknown,1
FDNY SUPER,1
CONCRETE M,1
NV CA,1
NYPD Tow T,1
PAS 5,1
013,1
Train cart,1
RENTED BOO,1
WHBL,1
COMM TRUCK,1
COMMAND PO,1
FD Ladder,1
Leased amb,1
dilevery t,1
POWER LADD,1
delie,1
MO PED,1
G1,1
DB,1
ROADROLLER,1
UTLIT,1
VANT,1
City MTA b,1
U Haul Tru,1
TLC P,1
DOOSK,1
LTRL,1
suv /,1
NYC a,1
TRAC.,1
HDC,1
Van Box Tr,1
com v,1
AP,1
ford van,1
CARGO TRAI,1
TKP,1
PAYLOADER,1
Uber,1
197209,1
White Ford,1
Red M,1
f,1
ME/BE,1
Horse trai,1
US po,1
Short Bus,1
FORD SUPER,1
AERIA,1
Livery Bus,1
f-250,1
VAN WH,1
Trailer Fl,1
ABULANCE,1
dodge,1
T/ CR,1
T350HD,1
U-TRU,1
MTA NYC BU,1
BOOM LIFT/,1
Usps mail,1
motorized,1
WANC,1
RYDER,1
delviery,1
Fleet,1
TRLPM,1
LCOMM,1
Light Towe,1
FRHT VEHIC,1
work truck,1
POSTO,1
NE/FL,1
BULL DOZER,1
JOHNDEERE,1
OMC,1
Bobby,1
50cc mini,1
forlift,1
Mercedes,1
5X8 T,1
Track,1
MTA transi,1
"A,n",1
COM DELIVE,1
ABULA,1
scl,1
pick-,1
AMbulance,1
DELV WH,1
Trc,1
Fed Ex Tru,1
inter,1
CHERV,1
Escavator,1
GMC ECOM,1
nycta,1
CABIN,1
AMBALANCE,1
NICE BUS,1
TRUCK FLAT,1
freight,1
OTH,1
Livery Omn,1
TOWTRUCK,1
e-350,1
e tow,1
MOTOR SKAT,1
DEMA-,1
UNK FEMALE,1
SCOOTER BI,1
15 PA,1
METAL,1
conv,1
Farm,1
Standing s,1
HI-LO,1
DOT,1
Subur,1
MTA C,1
VA,1
Light trai,1
Ram,1
postal bus,1
Push cart,1
ORION,1
Ambulette,1
delivery,1
UPS Van,1
tow trk,1
UHAULWTOWD,1
E/BIK,1
VAB,1
S/SP,1
Rental Tru,1
All-Terrain Vehicle,1
NAA,1
15 pa,1
00000,1
E AMB,1
OZ MO,1
santa,1
Revel Scoo,1
Ford sprin,1
DETAC,1
Stak,1
3-Whe,1
SHUTTLE BU,1
MAC F,1
AMBUKANCE,1
commerial,1
x trailer,1
eletr,1
semitraile,1
VAN E,1
"red,",1
X Amb,1
AMBULCANCE,1
me/be,1
nypd,1
787,1
Pass,1
Fire Depar,1
Schoolbus,1
Fire Truvk,1
A-ONE,1
MTA WORK T,1
NEW FLYER,1
Grail,1
dirtbike,1
Limou,1
wheel barr,1
SPR,1
FLTRL,1
PICKUP TOW,1
NYCHA FORK,1
F350,1
pickup tow,1
mopet,1
Pickup tow,1
CARRIER,1
POSTOFFICE,1
FIRER,1
Push scoot,1
RINGO,1
1C,1
SONATA,1
COM/A,1
WHITE WORK,1
NYFD,1
ELEC. UNIC,1
Ford picku,1
Plow  truc,1
FOOT,1
SCOOTER/MO,1
COMMU,1
EMT,1
salt,1
M/C,1
USP M,1
City Owned,1
SUBN-,1
Fire engin,1
MOTORED SC,1
Hand,1
cat 3,1
SKATBOARD,1
CATIP,1
DOT R,1
wheel load,1
TL TRAILER,1
LLV MAIL T,1
Comm Food,1
camper,1
fIRET,1
john,1
Utility Ve,1
"Unk,",1
EMS B,1
2 WHE,1
DEPT,1
18 WEELER,1
AMAZON SPR,1
GOLF KART,1
Excav,1
trash,1
Scooter/Mo,1
E- SCOOTER,1
Pick-up tr,1
MTA Van,1
TRuck,1
MAC,1
spc p,1
Ele. Unicy,1
SCOOTER SI,1
revel,1
BOBCAT FOR,1
POTAL,1
HOVERBOARD,1
Constructi,1
SUBR,1
Car Traile,1
PSR,1
White Van,1
bus y,1
Telehandle,1
CATAPILLAR,1
city,1
FLED,1
SERVI,1
NYC TRUCK,1
bobcat sno,1
kenwo,1
COM.,1
2000,1
DUMPSTER T,1
E REVEL SC,1
MARKED RMP,1
White box,1
UPS M,1
TRACK EXCA,1
rolle,1
Comm,1
itas,1
Razor scoo,1
A bulance,1
Commer Veh,1
omni,1
18 wheel,1
p/u,1
progr,1
FIre,1
Hino,1
SCISS,1
swingloade,1
USPS box t,1
Amazon tru,1
Mo pa,1
CAT 4,1
perm,1
POSTAL tru,1
nys ambula,1
MILITARY,1
Motor home,1
Moped Scoo,1
CONTR,1
OMT/T,1
SM YW,1
4whee,1
E ONE,1
F550 ESU R,1
DSNY TRUCK,1
TRALI,1
NYC PARKS,1
D,1
FDNY #226,1
foor,1
Dirt,1
SUBN - AMB,1
MTA T,1
Broom,1
E Bike,1
Detached T,1
AMAZON VAN,1
e sco,1
7532433,1
BARRI,1
dhl t,1
Porta,1
l1,1
Work truck,1
GAS S,1
EMERGENCY,1
UNK.,1
COMMERICIA,1
standing s,1
UNKWN,1
GAS T,1
fedx,1
PSP,1
Detached t,1
motorbike,1
Fedex Box,1
FDny,1
7,1
LIABITIY,1
FED,1
FOR VAN,1
DELVR,1
Ridgeline,1
left scene,1
LIMIT USE,1
TRIALER,1
fed e,1
omm,1
SHORT SCHO,1
8X20,1
BUMP,1
P/V,1
BLUE CHEVY,1
Motorhome,1
MAXIM,1
2 wheel sc,1
PUSH SCOOT,1
Limo,1
TAILG,1
Mp,1
GOLF CAR,1
100th truc,1
SPECIAL CO,1
util truck,1
charter bu,1
sweep,1
hilow,1
RV/Tr,1
carri,1
Fdny engin,1
Bucke,1
QBE i,1
VEND,1
f15,1
U HAUL TRU,1
bmw,1
JLG ULTRA,1
utilt,1
Fed Ex Van,1
MTR H,1
LIEBH,1
vehicle tr,1
GMC T,1
50CC SCOOT,1
Subr,1
Wh Ford co,1
E- MOTOR B,1
FDNY SP200,1
Ecoli,1
Dart bike,1
EMT Truck,1
USPCS,1
VANG,1
STATION WA,1
50cc Scoot,1
MO PE,1
kick scoot,1
SEA,1
cm,1
FD Pickup,1
GENUI,1
te,1
Garage,1
SPEC,1
con ed tru,1
towe truck,1
Mop Pad,1
COUPE,1
TTRAILER,1
cargo van,1
Utility.,1
Inter,1
SANTI,1
FORK-,1
Power,1
Horse Trai,1
Fire rig t,1
Pedic,1
NV150,1
Ladder,1
Parce,1
WINEB,1
FREIGHT FL,1
Gator 4x4,1
CONT-,1
amazon tru,1
IC,1
G1`,1
nyc a,1
SUBN/,1
MINI SCHOO,1
Us po,1
Other,1
Ford Couri,1
Truck cran,1
13,1
Pas (4dr s,1
4 axe,1
boat,1
YLL P,1
Trailer no,1
USPCS Truc,1
Quality tr,1
250-3,1
vav,1
MILLI,1
ELE MOTORC,1
cab,1
FireT,1
Dent and S,1
GOV VEHICL,1
Ice Cream,1
g spc,1
Semi,1
Postal ser,1
rd/s,1
Util.,1
US Govt ve,1
CHASSIS &,1
Unmarked V,1
Carrier,1
SURET,1
NYC B,1
REFR,1
Mack Truck,1
E SKATEBOA,1
a,1
scho,1
utv bobcat,1
car,1
C0MME,1
SLINGSHOT,1
Front End,1
access a r,1
passa,1
CONTRUCTIO,1
HD To,1
GREEB,1
GAS PWR SC,1
E-MOT,1
Fdny Truck,1
CEMENT TRU,1
EMS AMBULA,1
wg,1
FIRTRUCK,1
ESCAVATER,1
ABMU,1
REVEL scoo,1
SMART CAR,1
YW PO,1
12 PASS VA,1
3DOOR,1
comm.,1
econo,1
BICYC,1
LIBER,1
nyc m,1
MINI VAHN,1
U.S. POSTA,1
toolcat,1
concr,1
yellow cab,1
SPARK150 S,1
MOTO-SCOOT,1
FRHT-SPR,1
EMBULANCE,1
?omme,1
Segway,1
SFI,1
vehic,1
Mopped,1
HOTDO,1
NYPD Signa,1
CITY OWNED,1
PLOW TRUCK,1
CHEVY,1
yw,1
nycha,1
POSTAL SER,1
UNKOWM,1
US MA,1
Freighntli,1
DRONE,1
VERZION VA,1
Electrict,1
FDNY EMS V,1
straight t,1
SUDAN,1
nat grid t,1
SCOMM,1
Unkn,1
TAN P,1
trailer no,1
nyu s,1
G OMR,1
MOOPER,1
Humme,1
TRA/R,1
SANAT,1
New Y,1
RIDE ON SC,1
2 DR,1
RV/VAN,1
CAT CATERP,1
